<?xml version="1.0" encoding="UTF-8"?>
<project-private xmlns="http://www.netbeans.org/ns/project-private/1">
    <editor-bookmarks xmlns="http://www.netbeans.org/ns/editor-bookmarks/2" lastBookmarkId="0"/>
    <open-files xmlns="http://www.netbeans.org/ns/projectui-open-files/2">
        <group>
            <file>file:/D:/OneDrive%20-%20National%20College%20of%20Ireland/Documents/College/Year%202/Semester%201/OOP/Group%20project/PlanSafe/src/plansafe/PlanSafeApp.java</file>
            <file>file:/D:/OneDrive%20-%20National%20College%20of%20Ireland/Documents/College/Year%202/Semester%201/OOP/Group%20project/PlanSafe/src/plansafe/PlanSafeGUI.java</file>
            <file>file:/D:/OneDrive%20-%20National%20College%20of%20Ireland/Documents/College/Year%202/Semester%201/OOP/Group%20project/PlanSafe/src/plansafe/PlanSafe.java</file>
            <file>file:/D:/OneDrive%20-%20National%20College%20of%20Ireland/Documents/College/Year%202/Semester%201/OOP/Group%20project/PlanSafe/src/plansafe/ChecklistGUI.java</file>
            <file>file:/D:/OneDrive%20-%20National%20College%20of%20Ireland/Documents/College/Year%202/Semester%201/OOP/Group%20project/PlanSafe/src/plansafe/Checklist.java</file>
            <file>file:/D:/OneDrive%20-%20National%20College%20of%20Ireland/Documents/College/Year%202/Semester%201/OOP/Group%20project/PlanSafe/src/plansafe/LocationRiskGUI.java</file>
            <file>file:/D:/OneDrive%20-%20National%20College%20of%20Ireland/Documents/College/Year%202/Semester%201/OOP/Group%20project/PlanSafe/src/plansafe/LocationRisk.java</file>
            <file>file:/D:/OneDrive%20-%20National%20College%20of%20Ireland/Documents/College/Year%202/Semester%201/OOP/Group%20project/PlanSafe/src/plansafe/EmerContactGUI.java</file>
            <file>file:/D:/OneDrive%20-%20National%20College%20of%20Ireland/Documents/College/Year%202/Semester%201/OOP/Group%20project/PlanSafe/src/plansafe/EmerContact.java</file>
            <file>file:/D:/OneDrive%20-%20National%20College%20of%20Ireland/Documents/College/Year%202/Semester%201/OOP/Group%20project/PlanSafe/src/plansafe/RiskCalculator.java</file>
            <file>file:/D:/OneDrive%20-%20National%20College%20of%20Ireland/Documents/College/Year%202/Semester%201/OOP/Group%20project/PlanSafe/src/plansafe/ProgressTracker.java</file>
            <file>file:/D:/OneDrive%20-%20National%20College%20of%20Ireland/Documents/College/Year%202/Semester%201/OOP/Group%20project/PlanSafe/src/plansafe/Contact.java</file>
        </group>
    </open-files>
</project-private>
