<?xml version="1.0" encoding="UTF-8"?>
<project-private xmlns="http://www.netbeans.org/ns/project-private/1">
    <editor-bookmarks xmlns="http://www.netbeans.org/ns/editor-bookmarks/2" lastBookmarkId="0"/>
    <open-files xmlns="http://www.netbeans.org/ns/projectui-open-files/2">
        <group>
            <file>file:/D:/Document/School_College/College/OOP/GroupESafeWorld/src/nhungLearnSafe/MainProgramGUI.java</file>
            <file>file:/D:/Document/School_College/College/OOP/GroupESafeWorld/src/templateproject/MainAppGUI.java</file>
            <file>file:/D:/Document/School_College/College/OOP/GroupESafeWorld/src/namuunPlanSafe/EmerContactGUI.java</file>
            <file>file:/D:/Document/School_College/College/OOP/GroupESafeWorld/src/namuunPlanSafe/EmerContact.java</file>
            <file>file:/D:/Document/School_College/College/OOP/GroupESafeWorld/src/nhungLearnSafe/WelcomeGUI.java</file>
            <file>file:/D:/Document/School_College/College/OOP/GroupESafeWorld/src/stefanyActSafe/ActSafeGUI.java</file>
            <file>file:/D:/Document/School_College/College/OOP/GroupESafeWorld/src/stefanyActSafe/ActSafe.java</file>
            <file>file:/D:/Document/School_College/College/OOP/GroupESafeWorld/src/stefanyActSafe/AlertSystem.java</file>
            <file>file:/D:/Document/School_College/College/OOP/GroupESafeWorld/src/stefanyActSafe/DamageLog.java</file>
            <file>file:/D:/Document/School_College/College/OOP/GroupESafeWorld/src/stefanyActSafe/Locator.java</file>
            <file>file:/D:/Document/School_College/College/OOP/GroupESafeWorld/src/nhungLearnSafe/Account.java</file>
            <file>file:/D:/Document/School_College/College/OOP/GroupESafeWorld/src/nhungLearnSafe/AccountManager.java</file>
            <file>file:/D:/Document/School_College/College/OOP/GroupESafeWorld/src/nhungLearnSafe/CertificateGUI.java</file>
            <file>file:/D:/Document/School_College/College/OOP/GroupESafeWorld/src/nhungLearnSafe/FireQuiz.java</file>
            <file>file:/D:/Document/School_College/College/OOP/GroupESafeWorld/src/nhungLearnSafe/FireQuizGUI.java</file>
            <file>file:/D:/Document/School_College/College/OOP/GroupESafeWorld/src/nhungLearnSafe/FloodQuiz.java</file>
            <file>file:/D:/Document/School_College/College/OOP/GroupESafeWorld/src/nhungLearnSafe/FloodQuizGUI.java</file>
            <file>file:/D:/Document/School_College/College/OOP/GroupESafeWorld/src/nhungLearnSafe/Gradable.java</file>
            <file>file:/D:/Document/School_College/College/OOP/GroupESafeWorld/src/nhungLearnSafe/Quiz.java</file>
            <file>file:/D:/Document/School_College/College/OOP/GroupESafeWorld/src/nhungLearnSafe/QuizApp.java</file>
            <file>file:/D:/Document/School_College/College/OOP/GroupESafeWorld/src/nhungLearnSafe/Summarizable.java</file>
            <file>file:/D:/Document/School_College/College/OOP/GroupESafeWorld/src/namuunPlanSafe/Checklist.java</file>
            <file>file:/D:/Document/School_College/College/OOP/GroupESafeWorld/src/namuunPlanSafe/ChecklistGUI.java</file>
            <file>file:/D:/Document/School_College/College/OOP/GroupESafeWorld/src/namuunPlanSafe/Contact.java</file>
            <file>file:/D:/Document/School_College/College/OOP/GroupESafeWorld/src/namuunPlanSafe/LocationRisk.java</file>
            <file>file:/D:/Document/School_College/College/OOP/GroupESafeWorld/src/namuunPlanSafe/LocationRiskGUI.java</file>
            <file>file:/D:/Document/School_College/College/OOP/GroupESafeWorld/src/namuunPlanSafe/PlanSafe.java</file>
            <file>file:/D:/Document/School_College/College/OOP/GroupESafeWorld/src/namuunPlanSafe/PlanSafeApp.java</file>
            <file>file:/D:/Document/School_College/College/OOP/GroupESafeWorld/src/namuunPlanSafe/PlanSafeGUI.java</file>
            <file>file:/D:/Document/School_College/College/OOP/GroupESafeWorld/src/namuunPlanSafe/ProgressTracker.java</file>
            <file>file:/D:/Document/School_College/College/OOP/GroupESafeWorld/src/namuunPlanSafe/RiskCalculator.java</file>
            <file>file:/D:/Document/School_College/College/OOP/GroupESafeWorld/src/templateproject/AppClass.java</file>
        </group>
    </open-files>
</project-private>
